{
  "publicPath": "/",
  "all": [
    "static/js/1.68b73d6059c42bad17e5.js",
    "static/js/2.62196ee2f879bfdd1b35.js",
    "static/js/main.48d268150de54e527dfd.js"
  ],
  "initial": [
    "static/js/main.48d268150de54e527dfd.js"
  ],
  "async": [
    "static/js/1.68b73d6059c42bad17e5.js",
    "static/js/2.62196ee2f879bfdd1b35.js"
  ],
  "modules": {
    "29302962": [
      0
    ],
    "7141094f": [
      2
    ],
    "ffffe016": [
      2
    ],
    "683e6165": [
      2
    ],
    "59b88a22": [
      2
    ],
    "0f59f392": [
      2
    ],
    "3697253a": [
      2
    ],
    "a77af236": [
      2
    ],
    "30e71912": [
      2
    ],
    "12aeb79f": [
      2
    ],
    "44b59540": [
      2
    ],
    "890cde04": [
      2
    ],
    "82d51a5e": [
      2
    ],
    "0a1b278e": [
      2
    ],
    "18ad9ebf": [
      2
    ],
    "fb70d4b2": [
      0
    ],
    "75aca7c6": [
      0
    ],
    "9c5d8ea0": [
      0
    ],
    "2f8e541a": [
      0
    ],
    "df8d1ad0": [
      0
    ],
    "310706a3": [
      0
    ],
    "83851ff6": [
      0
    ],
    "09298ed0": [
      0
    ],
    "53a32ac3": [
      0
    ],
    "207811ac": [
      1
    ],
    "4b5a552c": [
      0
    ],
    "668ac252": [
      0
    ],
    "1dc69a07": [
      0
    ],
    "68bac78a": [
      0
    ],
    "5d21ef08": [
      0
    ],
    "79e8b5b7": [
      0
    ],
    "78c45a47": [
      0
    ],
    "1ab61e2f": [
      0
    ],
    "9b4f65c8": [
      0
    ],
    "e391231a": [
      0
    ],
    "cefe7c98": [
      0
    ],
    "411e9807": [
      0
    ],
    "c14d1914": [
      0
    ],
    "184e7594": [
      0
    ],
    "2575b08e": [
      0
    ],
    "0e69ec9c": [
      0
    ],
    "4040ff7d": [
      0
    ],
    "66bf2608": [
      0
    ],
    "6ba78e03": [
      0
    ],
    "759f7e3e": [
      0
    ],
    "053bc58b": [
      0
    ],
    "8d11d2d4": [
      0
    ],
    "f8539cf2": [
      0
    ],
    "0430e77c": [
      0
    ],
    "6be8ac23": [
      0
    ],
    "40dddbf5": [
      0
    ],
    "1f40aa88": [
      0
    ],
    "f3e5ad70": [
      0
    ],
    "6188db09": [
      0
    ],
    "6a4e4d58": [
      0
    ],
    "609d60e2": [
      0
    ],
    "dd81e8b4": [
      0
    ],
    "33c88b5c": [
      0
    ],
    "84805b1a": [
      0
    ],
    "59a2fe9a": [
      1
    ],
    "7f9b9308": [
      0
    ],
    "b595bd4e": [
      0
    ],
    "861e6dfc": [
      1
    ],
    "5b2b962e": [
      1
    ],
    "251af711": [
      0
    ],
    "cb302a4a": [
      0
    ],
    "96710f74": [
      1
    ]
  }
}